repo,path,file_type,label
Binaries,[extracted]/ZeroAccess_xxx-porn-movie.avi.exe_,PE32 executable (fallback),likely_native_unknown
Binaries,[extracted]/GROK_24A6EC8EBF9C0867ED1C097F4A653B8D,PE32+ executable (fallback),likely_native_unknown
Binaries,[extracted]/Win32Dircrypt.Trojan.Ransom.ABZ/119.executable,PE32 executable (fallback),likely_native_unknown
Binaries,[extracted]/Win32Dircrypt.Trojan.Ransom.ABZ/11fb52c96853e12f011b7b7894e9884e56eb5522,PE32 executable (fallback),high_confidence_cpp
Binaries,[extracted]/FLASH829.EXE,PE32 executable (fallback),likely_native_unknown
Binaries,[extracted]/blanca de nieve.scr,PE32 executable (fallback),likely_native_unknown
Binaries,[extracted]/midgets.scr,PE32 executable (fallback),likely_native_unknown
Binaries,[extracted]/40c46bcab9acc0d6d235491c01a66d4c6f35d884c19c6f410901af6d1e33513b,PE32 executable (DLL) (fallback),likely_native_unknown
Binaries,[extracted]/a7493fac96345a989b1a03772444075754a2ef11daa22a7600466adc1f69a669,PE32 executable (DLL) (fallback),likely_native_unknown
Binaries,[extracted]/a7e3ad8ea7edf1ca10b0e5b0d976675c3016e5933219f97e94900dea0d470abe,PE32 executable (fallback),likely_native_unknown
Binaries,[extracted]/a0d82c3730bc41e267711480c8009883d1412b68977ab175421eabc34e4ef355,PE32 executable (fallback),likely_native_unknown
Binaries,[extracted]/8d7be9ed64811ea7986d788a75cbc4ca166702c6ff68c33873270d7c6597f5db,PE32 executable (DLL) (fallback),likely_native_unknown
Binaries,[extracted]/7d38eb24cf5644e090e45d5efa923aff0e69a600fb0ab627e8929bb485243926,PE32 executable (DLL) (fallback),likely_native_unknown
Binaries,[extracted]/f1d903251db466d35533c28e3c032b7212aa43c8d64ddf8c5521b43031e69e1e,PE32 executable (fallback),likely_native_unknown
Binaries,[extracted]/c0cf8e008fbfa0cb2c61d968057b4a077d62f64d7320769982d28107db370513,PE32 executable (DLL) (fallback),likely_native_unknown
Binaries,[extracted]/e1ba03a10a40aab909b2ba58dcdfd378b4d264f1f4a554b669797bbb8c8ac902,PE32 executable (fallback),likely_native_unknown
Binaries,[extracted]/b12c7d57507286bbbe36d7acf9b34c22c96606ffd904e3c23008399a4a50c047,PE32 executable (fallback),likely_native_unknown
Binaries,[extracted]/9cd5127ef31da0e8a4e36292f2af5a9ec1de3b294da367d7c05786fe2d5de44f,PE32 executable (fallback),likely_native_unknown
Binaries,[extracted]/5001793790939009355ba841610412e0f8d60ef5461f2ea272ccf4fd4c83b823,PE32 executable (DLL) (fallback),likely_native_unknown
Binaries,[extracted]/4e39bc95e35323ab586d740725a1c8cbcde01fe453f7c4cac7cced9a26e42cc9,PE32 executable (DLL) (fallback),likely_native_unknown
Binaries,[extracted]/illusion_bot/Build.exe,PE32 executable (fallback),likely_native_unknown
Binaries,[extracted]/Avatar_Rootkit_NETbotnet_32d6644c5ea66e390070d3dc3401e54b_unpacked,PE32 executable (fallback),likely_native_unknown
Binaries,[extracted]/Linux.Chapros.A/the_zeus_binary_chapros,PE32 executable (fallback),likely_native_unknown
Binaries,[extracted]/Matsnu-MBRwipingRansomware_1B2D2A4B97C7C2727D571BBF9376F54F_Inkasso Rechnung vom 27.05.2013 .com_,PE32 executable (fallback),likely_native_unknown
Binaries,[extracted]/strip-girl-2.0bdcom_patches.exe,PE32 executable (fallback),high_confidence_cpp
Binaries,[extracted]/eqig.ex_,PE32 executable (fallback),likely_native_unknown
Binaries,[extracted]/8c213b3707b0b042d769fdf543c6e8bd7c127cea6a9bc989eaf241a1505d1ed9,PE32 executable (fallback),likely_native_unknown
Binaries,[extracted]/yfoye_dump.exe,PE32 executable (fallback),likely_native_unknown
Binaries,[extracted]/conficker,PE32 executable (DLL) (fallback),high_confidence_cpp
Binaries,[extracted]/sjl8j6ap3.dll,PE32+ executable (fallback),high_confidence_cpp
Binaries,[extracted]/Hive.elf,ELF executable (fallback),high_confidence_cpp
Binaries,[extracted]/hive.bin_exe,PE32 executable (fallback),likely_native_unknown
Binaries,[extracted]/windows_25bfec0c3c81ab55cf85a57367c14cc6803a03e2e9b4afd72e7bbca9420fe7c5,PE32 executable (fallback),high_confidence_cpp
Binaries,[extracted]/EquationLaser_752AF597E6D9FD70396ACCC0B9013DBE,PE32 executable (DLL) (fallback),high_confidence_cpp
Binaries,[extracted]/Dustman.exe,PE32+ executable (fallback),likely_native_unknown
Binaries,[extracted]/payload.dll,PE32 executable (DLL) (fallback),high_confidence_cpp
Binaries,[extracted]/Sality_627B8095B1024A0DDFDFA01BF9AFF803,PE32 executable (fallback),likely_native_unknown
Binaries,[extracted]/Win32.Sofacy.A,PE32 executable (fallback),likely_native_unknown
Binaries,[extracted]/win32.exe,PE32 executable (fallback),likely_native_unknown
Binaries,[extracted]/afa8d185de2f357082ed4042fc057a6d7300f603d3bfdbe7e6c351868e45e477,PE32 executable (fallback),likely_native_unknown
Binaries,[extracted]/a6ff8dfe654da70390cd71626cdca8a6f6a0d7980cd7d82269373737b04fd206,PE32 executable (fallback),high_confidence_cpp
Binaries,[extracted]/0dc2ab0ccf783fb39028326a7e8b0ba4eaa148020ec05fc26313ef2bf70f700f,PE32 executable (fallback),high_confidence_cpp
Binaries,[extracted]/a38df3ec8b9fe52a32860cf5756d2fe345badafd7e74466cd349eb32ba5cc339,PE32 executable (fallback),high_confidence_cpp
Binaries,[extracted]/6072a303039b032f1b3b0e596a3eb9a35568cef830a18404c18bb4fffef86fba,PE32 executable (fallback),likely_native_unknown
Binaries,[extracted]/9c17f267f79597ee01515f5ef925375d8a19844830cc46917a3d1b5bcb0ba4c3,PE32 executable (fallback),likely_native_unknown
Binaries,[extracted]/cff49c25b053f775db8980a431a958020bdf969ea08872de4cef5a5f344f534c,PE32 executable (fallback),high_confidence_cpp
Binaries,[extracted]/86bb737bd9a508be2ff9dc0dee7e7c40abea215088c61788a368948f9250fa4c,PE32 executable (fallback),high_confidence_cpp
Binaries,[extracted]/0eb038e7e5edd6ac1b4eee8dd1c51b6d94da24d02ba705e7e7f10b41edf701c2,PE32 executable (fallback),high_confidence_cpp
Binaries,[extracted]/01259a104a0199b794b0c61fcfc657eb766b2caeae68d5c6b164a53a97874257,PE32 executable (fallback),high_confidence_cpp
Binaries,[extracted]/0cfc34fa76228b1afc7ce63e284a23ce1cd2927e6159b9dea9702ad9cb2a6300,PE32 executable (fallback),high_confidence_cpp
Binaries,[extracted]/05455efecab4a7931fa53a3c2008d04fc6b539c5e8f451f19b617bd9b3ebcd83,PE32 executable (fallback),high_confidence_cpp
Binaries,[extracted]/6b91fdb0992ca029c913092db7b4fd94c917c1473953d1ec77c74d030776fe9a,PE32 executable (fallback),high_confidence_cpp
Binaries,[extracted]/084a220ba90622cc223b93f32130e9f2d072679f66d1816775bf14832d492b8a,PE32 executable (fallback),high_confidence_cpp
Binaries,[extracted]/a3667153a6322fb8d4cf8869c094a05e995e2954fda833fe14304837ed4fd0bd,PE32 executable (fallback),high_confidence_cpp
Binaries,[extracted]/c7128e2772b4f8c59943028e205d1b23c07f36206c1c61a05645c7bf143b24ee,PE32 executable (fallback),high_confidence_cpp
Binaries,[extracted]/WMIGhost/afa8d185de2f357082ed4042fc057a6d7300f603d3bfdbe7e6c351868e45e477,PE32 executable (fallback),likely_native_unknown
Binaries,[extracted]/WMIGhost/a6ff8dfe654da70390cd71626cdca8a6f6a0d7980cd7d82269373737b04fd206,PE32 executable (fallback),high_confidence_cpp
Binaries,[extracted]/WMIGhost/0dc2ab0ccf783fb39028326a7e8b0ba4eaa148020ec05fc26313ef2bf70f700f,PE32 executable (fallback),high_confidence_cpp
Binaries,[extracted]/WMIGhost/a38df3ec8b9fe52a32860cf5756d2fe345badafd7e74466cd349eb32ba5cc339,PE32 executable (fallback),high_confidence_cpp
Binaries,[extracted]/WMIGhost/6072a303039b032f1b3b0e596a3eb9a35568cef830a18404c18bb4fffef86fba,PE32 executable (fallback),likely_native_unknown
Binaries,[extracted]/WMIGhost/9c17f267f79597ee01515f5ef925375d8a19844830cc46917a3d1b5bcb0ba4c3,PE32 executable (fallback),likely_native_unknown
Binaries,[extracted]/WMIGhost/cff49c25b053f775db8980a431a958020bdf969ea08872de4cef5a5f344f534c,PE32 executable (fallback),high_confidence_cpp
Binaries,[extracted]/WMIGhost/86bb737bd9a508be2ff9dc0dee7e7c40abea215088c61788a368948f9250fa4c,PE32 executable (fallback),high_confidence_cpp
Binaries,[extracted]/WMIGhost/0eb038e7e5edd6ac1b4eee8dd1c51b6d94da24d02ba705e7e7f10b41edf701c2,PE32 executable (fallback),high_confidence_cpp
Binaries,[extracted]/WMIGhost/wmighost.dll,PE32 executable (fallback),high_confidence_cpp
Binaries,[extracted]/WMIGhost/01259a104a0199b794b0c61fcfc657eb766b2caeae68d5c6b164a53a97874257,PE32 executable (fallback),high_confidence_cpp
Binaries,[extracted]/WMIGhost/0cfc34fa76228b1afc7ce63e284a23ce1cd2927e6159b9dea9702ad9cb2a6300,PE32 executable (fallback),high_confidence_cpp
Binaries,[extracted]/WMIGhost/05455efecab4a7931fa53a3c2008d04fc6b539c5e8f451f19b617bd9b3ebcd83,PE32 executable (fallback),high_confidence_cpp
Binaries,[extracted]/WMIGhost/6b91fdb0992ca029c913092db7b4fd94c917c1473953d1ec77c74d030776fe9a,PE32 executable (fallback),high_confidence_cpp
Binaries,[extracted]/WMIGhost/084a220ba90622cc223b93f32130e9f2d072679f66d1816775bf14832d492b8a,PE32 executable (fallback),high_confidence_cpp
Binaries,[extracted]/WMIGhost/a3667153a6322fb8d4cf8869c094a05e995e2954fda833fe14304837ed4fd0bd,PE32 executable (fallback),high_confidence_cpp
Binaries,[extracted]/WMIGhost/c7128e2772b4f8c59943028e205d1b23c07f36206c1c61a05645c7bf143b24ee,PE32 executable (fallback),high_confidence_cpp
Binaries,[extracted]/TESTDE~1.CPL,PE32 executable (DLL) (fallback),likely_native_unknown
Binaries,[extracted]/Potao Express/Potao_1stVersion/Potao_1stVersion_D939A05E1E3C9D7B6127D503C025DBC4,PE32 executable (fallback),likely_native_unknown
Binaries,[extracted]/Potao Express/Potao_1stVersion/Potao_1stVersion_D1658B792DD1569ABC27966083F59D44,PE32 executable (fallback),likely_native_unknown
Binaries,[extracted]/Potao Express/Potao_1stVersion/Potao_1stVersion_A35E48909A49334A7EBB5448A78DCFF9,PE32 executable (fallback),likely_native_unknown
Binaries,[extracted]/Potao Express/Potao_1stVersion/Potao_1stVersion_14634D446471B9E2F55158D9AC09D0B2,PE32 executable (fallback),likely_native_unknown
Binaries,[extracted]/Potao Express/Potao_1stVersion/Potao_1stVersion_0C7183D761F15772B7E9C788BE601D29,PE32 executable (fallback),likely_native_unknown
Binaries,[extracted]/Potao Express/Potao_1stVersion/Potao_1stVersion_85B0E3264820008A30F17CA19332FA19,PE32 executable (fallback),likely_native_unknown
Binaries,[extracted]/Win32.EarthKrahang_20240404/c2bb47ac533d1413c829a1453b2b854b95aabebf1b26b446bd1ad0838f1e09de,ELF executable (fallback),high_confidence_cpp
Binaries,[extracted]/Win32.EarthKrahang_20240404/0f0663fc26b18212485149e3e22c3dd4b8900ea8dca7c084dbe09fef02cfdade,ELF executable (fallback),high_confidence_cpp
Binaries,[extracted]/Win32.EarthKrahang_20240404/b153e10c95bb8bfa6dbf5835067c5b45840f057a38ef9b8871b6dc40edcf601f,ELF executable (fallback),high_confidence_cpp
Binaries,[extracted]/3_4.exe,PE32 executable (fallback),likely_native_unknown
Binaries,[extracted]/29D6161522C7F7F21B35401907C702BDDB05ED47.bin,PE32 executable (fallback),likely_native_unknown
Binaries,[extracted]/Original/b44634d90a9ff2ed8a9d0304c11bf612.bin,PE32 executable (fallback),likely_native_unknown
Binaries,[extracted]/Win32.SofacyCarberp.bin,PE32 executable (DLL) (fallback),likely_native_unknown
Binaries,[extracted]/Win32.DarkTequila.exe,PE32 executable (fallback),high_confidence_cpp
Binaries,[extracted]/F897A65B.exe,PE32 executable (fallback),likely_native_unknown
Binaries,[extracted]/2.dll,PE32 executable (DLL) (fallback),high_confidence_cpp
Binaries,[extracted]/ydrHrp_One.dll,PE32 executable (DLL) (fallback),high_confidence_cpp
Binaries,[extracted]/2.tmp,PE32 executable (fallback),high_confidence_cpp
Binaries,[extracted]/DW20.dll,PE32 executable (DLL) (fallback),high_confidence_cpp
Binaries,[extracted]/hV46VA.dll,PE32 executable (DLL) (fallback),high_confidence_cpp
Binaries,[extracted]/DELLXT.dll,PE32 executable (DLL) (fallback),high_confidence_cpp
Binaries,[extracted]/4bfe2216ee63657312af1b2507c8f2bf362fdf1d63c88faba397e880c2e39430,PE32+ executable (fallback),likely_native_unknown
Binaries,[extracted]/ArdamaxKeylogger_E33AF9E602CBB7AC3634C2608150DD18,PE32 executable (fallback),high_confidence_cpp
Binaries,[extracted]/17,PE32 executable (fallback),likely_native_unknown
Binaries,[extracted]/scanslam.exe,PE32 executable (fallback),likely_native_unknown
Binaries,[extracted]/d86af736644e20e62807f03c49f4d0ad7de9cbd0723049f34ec79f8c7308fdd5,PE32 executable (fallback),likely_native_unknown
Binaries,[extracted]/23eeb35780faf868a7b17b8e8da364d71bae0e46c1ababddddddecbdbd2c2c64,PE32 executable (fallback),likely_native_unknown
Binaries,[extracted]/win32.duqu,PE32 executable (fallback),likely_native_unknown
Binaries,[extracted]/account-report.txt                                                                      .pif,PE32 executable (fallback),likely_native_unknown
Binaries,[extracted]/IOC/2ecb26021d21fcef3d8bba63de0c888499110a2b78e4caa6fa07a2b27d87f71b,PE32 executable (DLL) (fallback),high_confidence_cpp
Binaries,[extracted]/IOC/8e97c371633d285cd8fc842f4582705052a9409149ee67d97de545030787a192,PE32+ executable (DLL) (fallback),likely_native_unknown
Binaries,[extracted]/IOC/d12cd9490fd75e192ea053a05e869ed2f3f9748bf1563e6e496e7153fb4e6c98,PE32 executable (DLL) (fallback),high_confidence_cpp
Binaries,[extracted]/IOC/e83c6c36dbd143ee0fd36aff30fb43529a34129817dc2530f251121527cbf4b4,PE32+ executable (DLL) (fallback),high_confidence_cpp
Binaries,[extracted]/IOC/5559fcc93eef38a1c22db66a3e0f9e9f026c99e741cc8b1a4980d166f2696188,PE32+ executable (DLL) (fallback),likely_native_unknown
Binaries,[extracted]/IOC/d8a849654ab97debaf28ae5b749c3b1ff1812ea49978713853333db48c3972c3,PE32+ executable (DLL) (fallback),likely_native_unknown
Binaries,[extracted]/IOC/9900c91f6d754f15f73729ce5a4333a718463e24aa7e6192c7527ec5c80dac42,PE32+ executable (DLL) (fallback),high_confidence_cpp
Binaries,[extracted]/IOC/6c803aac51038ce308ee085f2cd82a055aaa9ba24d08a19efb2c0fcfde936c34,PE32 executable (DLL) (fallback),high_confidence_cpp
Binaries,[extracted]/IOC/2a9a5afc342cde12c6eb9a91ad29f7afdfd8f0fb17b983dcfddceccfbc17af69,PE32+ executable (DLL) (fallback),likely_native_unknown
Binaries,[extracted]/IOC/6217cebf11a76c888cc6ae94f54597a877462ed70da49a88589a9197173cc072,PE32+ executable (DLL) (fallback),high_confidence_cpp
Binaries,[extracted]/IOC/2c9c3ddd4d93e687eb095444cef7668b21636b364bff55de953bdd1df40071da,PE32 executable (DLL) (fallback),high_confidence_cpp
Binaries,[extracted]/IOC/c16410c49dc40a371be22773f420b7dd3cfd4d8205cf39909ad9a6f26f55718e,PE32 executable (DLL) (fallback),high_confidence_cpp
Binaries,[extracted]/IOC/6de1bb58ae3c37876c6372208366f5548fcc647ffd19ad1d31cebd9069b8a559,PE32+ executable (DLL) (fallback),high_confidence_cpp
Binaries,[extracted]/IOC/2796a119171328e91648a73d95eb297edc220e8768f4bbba5fb7237122a988fc,PE32 executable (DLL) (fallback),likely_native_unknown
Binaries,[extracted]/IOC/6b146e3a59025d7085127b552494e8aaf76450a19c249bfed0b4c09f328e564f,PE32 executable (DLL) (fallback),likely_native_unknown
Binaries,[extracted]/IOC/3536df7379660d931256b3cf49be810c0d931c3957c464d75e4cba78ba3b92e3,PE32 executable (DLL) (fallback),likely_native_unknown
Binaries,[extracted]/IOC/d5c57788cf12b020c4083eb228911260b744a2a67c88662c9bab8faebca98fa2,PE32+ executable (DLL) (fallback),high_confidence_cpp
Binaries,[extracted]/IOC/5ba187106567e8d036edd5ddb6763f89774c158d2a571e15d76572d8604c22a0,PE32 executable (DLL) (fallback),high_confidence_cpp
Binaries,[extracted]/IOC/6e09e1a4f56ea736ff21ad5e188845615b57e1a5168f4bdaebe7ddc634912de9,PE32 executable (DLL) (fallback),high_confidence_cpp
Binaries,[extracted]/DUMP_00A10000-00A1D000.exe.ViR,PE32 executable (fallback),high_confidence_cpp
Binaries,[extracted]/Supplementary Agreement 26_01_2016.scr,PE32 executable (fallback),likely_native_unknown
Binaries,[extracted]/FancyBear.GermanParliament,PE32+ executable (fallback),high_confidence_cpp
Binaries,[extracted]/FIX_NIMDA.exe,PE32 executable (fallback),likely_native_unknown
Binaries,[extracted]/LINUX_Wirenet/9A0E765EECC5433AF3DC726206ECC56E,ELF executable (fallback),high_confidence_cpp
Binaries,[extracted]/2/counter.exe,PE32 executable (fallback),likely_native_unknown
Binaries,[extracted]/3/psih.safe,PE32 executable (fallback),likely_native_unknown
Binaries,[extracted]/3/unpacked_.safe,PE32 executable (fallback),likely_native_unknown
Binaries,[extracted]/1/loader_00400000.Embedded01.SYS,PE32 executable (fallback),likely_native_unknown
Binaries,[extracted]/1/loader_00400000.Embedded01.DLL,PE32 executable (DLL) (fallback),high_confidence_cpp
Binaries,[extracted]/C1E5DAE72A51A7B7219346C4A360D867,PE32 executable (fallback),likely_native_unknown
Binaries,[extracted]/jpeg1x32.dll_C2BA81C0DE01038A54703DE26B18E9EE,PE32 executable (DLL) (fallback),high_confidence_cpp
Binaries,[extracted]/Torpig miniloader-samp/Torpig miniloader_83419EEA712182C1054615E4EC7B8CBE,PE32 executable (fallback),likely_native_unknown
Binaries,[extracted]/Torpig miniloader-samp/Torpig miniloader_4A3543E6771BC78D32AE46820AED1391,PE32 executable (fallback),likely_native_unknown
Binaries,[extracted]/Torpig miniloader-samp/Torpig miniloader_C3366B6006ACC1F8DF875EAA114796F0,PE32 executable (fallback),likely_native_unknown
Binaries,[extracted]/Torpig miniloader-samp/Torpig miniloader_0F82964CF39056402EE2DE9193635B34,PE32 executable (fallback),likely_native_unknown
Binaries,[extracted]/Torpig miniloader-samp/Torpig miniloader_87851480DEB151D3A0AA9A425FD74E61,PE32 executable (fallback),likely_native_unknown
Binaries,[extracted]/Torpig miniloader-samp/Torpig miniloader_011C1CA6030EE091CE7C20CD3AAECFA0,PE32 executable (fallback),likely_native_unknown
Binaries,[extracted]/Torpig miniloader-samp/Torpig miniloader_809910F29AA63913EFA76D00FA8C7C0B,PE32 executable (fallback),likely_native_unknown
Binaries,[extracted]/Torpig miniloader-samp/Torpig miniloader_2DACC4556FAD30027A384875C8D9D900,PE32 executable (fallback),likely_native_unknown
Binaries,[extracted]/Ixeshe_0D32078128468047BCBB686FB30067AA.EXE_,PE32 executable (fallback),high_confidence_cpp
Binaries,[extracted]/Equation_KasperskyReport_and_Additionalsamples/AdditionalSamples/EquationLaser/EquationLaser_45DF8669908A259A22C44278C2289721,PE32 executable (DLL) (fallback),high_confidence_cpp
Binaries,[extracted]/Equation_KasperskyReport_and_Additionalsamples/AdditionalSamples/EquationLaser/EquationLaser_32C53DF631217D0B5F9F46D3A9246715,PE32 executable (DLL) (fallback),high_confidence_cpp
Binaries,[extracted]/Equation_KasperskyReport_and_Additionalsamples/AdditionalSamples/EquationLaser/EquationLaser_8E2C06B52F530C9F9B5C2C743A5BB28A,PE32 executable (DLL) (fallback),high_confidence_cpp
Binaries,[extracted]/Equation_KasperskyReport_and_Additionalsamples/AdditionalSamples/EquationLaser/EquationLaser_6480843080ADD60B825EFE0532DC727B,PE32 executable (DLL) (fallback),high_confidence_cpp
Binaries,[extracted]/Equation_KasperskyReport_and_Additionalsamples/AdditionalSamples/EquationLaser/EquationLaser_C96284363374597A3AC4B07C77E8325B,PE32 executable (DLL) (fallback),high_confidence_cpp
Binaries,[extracted]/Equation_KasperskyReport_and_Additionalsamples/AdditionalSamples/EquationLaser/EquationLaser_DE356F2A55B25E04742423B5EC56DE93,PE32 executable (DLL) (fallback),high_confidence_cpp
Binaries,[extracted]/9a776b895e93926e2a758c09e341accb9333edc1243d216a5e53f47c6043c852,PE32 executable (fallback),likely_native_unknown
Binaries,[extracted]/SCHDPL32.exe,PE32 executable (fallback),likely_native_unknown
Binaries,[extracted]/decrypted_rkctl_Win32.dll,PE32 executable (DLL) (fallback),high_confidence_cpp
Binaries,[extracted]/decrypted_inj_services_Win32.dll,PE32 executable (DLL) (fallback),high_confidence_cpp
Binaries,[extracted]/decrypted_inj_snake_Win32.dll,PE32 executable (DLL) (fallback),high_confidence_cpp
Binaries,[extracted]/decrypted_inj_services_x64.dll,PE32+ executable (DLL) (fallback),high_confidence_cpp
Binaries,[extracted]/4cef5835072bb0290a05f9c5281d4a614733f480ba7f1904ae91325a10a15a04,PE32 executable (DLL) (fallback),likely_native_unknown
Binaries,[extracted]/bc6c2fda18f8ee36930b469f6500e28096eb6795e5fd17c44273c67bc9fa6a6d,PE32 executable (DLL) (fallback),high_confidence_cpp
Binaries,[extracted]/f6e5a3a32fb3aaf3f2c56ee482998b09a6ced0a60c38088e7153f3ca247ab1cc,PE32 executable (DLL) (fallback),likely_native_unknown
Binaries,[extracted]/malware.ex~,PE32 executable (fallback),high_confidence_cpp
Binaries,[extracted]/malware.exe,PE32 executable (fallback),likely_native_unknown
Binaries,[extracted]/malware.ex~,PE32 executable (fallback),likely_native_unknown
Binaries,[extracted]/malware.exe,PE32 executable (fallback),likely_native_unknown
Binaries,[extracted]/malware.ex~,PE32 executable (fallback),high_confidence_cpp
Binaries,[extracted]/malware.ex~,PE32 executable (fallback),high_confidence_cpp
Binaries,[extracted]/malware.exe,PE32 executable (fallback),high_confidence_cpp
Binaries,[extracted]/malware.ex~,PE32 executable (fallback),high_confidence_cpp
Binaries,[extracted]/malware.exe,PE32 executable (fallback),likely_native_unknown
Binaries,[extracted]/malware.ex~,PE32 executable (fallback),likely_native_unknown
